{"cameraMode":{"drawMode":0,"name":"Shaded","section":"Shading Mode"},"sceneLighting":false,"audioPlay":false,"sceneViewState":{"m_AlwaysRefresh":false,"showFog":true,"showSkybox":true,"showFlares":true,"showImageEffects":true,"showParticleSystems":true,"showVisualEffectGraphs":true,"m_FxEnabled":true},"in2DMode":false,"pivot":{"x":178.0628662109375,"y":305.6131896972656,"z":-541.2128295898438},"rotation":{"x":-0.0018094998085871339,"y":-0.024900151416659356,"z":0.000043725634895963594,"w":-0.9996961355209351},"size":31.90180206298828,"orthographic":false}