{"cameraMode":{"drawMode":0,"name":"Shaded","section":"Shading Mode"},"sceneLighting":false,"audioPlay":false,"sceneViewState":{"m_AlwaysRefresh":false,"showFog":true,"showSkybox":true,"showFlares":true,"showImageEffects":true,"showParticleSystems":true,"showVisualEffectGraphs":true,"m_FxEnabled":true},"in2DMode":false,"pivot":{"x":-23.460079193115236,"y":4.206481456756592,"z":100.97227478027344},"rotation":{"x":-0.059206701815128329,"y":0.7044615149497986,"z":-0.05918842554092407,"w":-0.7048854827880859},"size":23.171619415283204,"orthographic":true}