{"cameraMode":{"drawMode":0,"name":"Shaded","section":"Shading Mode"},"sceneLighting":false,"audioPlay":false,"sceneViewState":{"m_AlwaysRefresh":false,"showFog":true,"showSkybox":true,"showFlares":true,"showImageEffects":true,"showParticleSystems":true,"showVisualEffectGraphs":true,"m_FxEnabled":true},"in2DMode":false,"pivot":{"x":97.03868865966797,"y":-134.4113006591797,"z":183.66368103027345},"rotation":{"x":0.28167328238487246,"y":0.23746447265148164,"z":-0.07223454117774964,"w":0.9270310997962952},"size":130.89520263671876,"orthographic":false}